{
                "data": [
                                {
                                                "displayName": "raju",
                                                "businessPhone": null,
                                                "businessPhone2": null,
                                                "homePhone": null,
                                                "homePhone2": null,
                                                "mobilePhone": "+919538137078",
                                                "email": null
                                },
                                {
                                                "displayName": "Anish Kumar",
                                                "businessPhone": null,
                                                "businessPhone2": null,
                                                "homePhone": null,
                                                "homePhone2": null,
                                                "mobilePhone": null,
                                                "email": null
                                }
                ],
                "responseCode": 0,
                "message": null,
                "meta": {
                                "requestTime": 0,
                                "responseTime": 1490611181836,
                                "apiVersion": null,
                                "apiCode": null
                }
}