 [
  {
   "name":"Vincent Porter",
   "status":"online",
   "imageURL":"https://s3-us-west-2.amazonaws.com/s.cdpn.io/195612/chat_avatar_01.jpg"
  },
  {
   "name":"Aiden Chavez",
   "status":"left 7 mins ago",
   "imageURL":"https://s3-us-west-2.amazonaws.com/s.cdpn.io/195612/chat_avatar_02.jpg"
  },
  {
   "name":"Mike Thomas",
   "status":"online",
   "imageURL":"https://s3-us-west-2.amazonaws.com/s.cdpn.io/195612/chat_avatar_03.jpg"
  },
  {
   "name":"Erica Hughes",
   "status":"online",
   "imageURL":"https://s3-us-west-2.amazonaws.com/s.cdpn.io/195612/chat_avatar_04.jpg"
  },
  {
   "name":"Ginger Johnston",
   "status":"online",
   "imageURL":"https://s3-us-west-2.amazonaws.com/s.cdpn.io/195612/chat_avatar_05.jpg"
  },
  {
   "name":"Tracy Carpenter",
   "status":"left 30 mins ago",
   "imageURL":"https://s3-us-west-2.amazonaws.com/s.cdpn.io/195612/chat_avatar_06.jpg"
  },
  {
   "name":"Christian Kelly",
   "status":"left 10 hours ago",
   "imageURL":"https://s3-us-west-2.amazonaws.com/s.cdpn.io/195612/chat_avatar_07.jpg"
  },
  {
   "name":"Monica Ward",
   "status":"online",
   "imageURL":"https://s3-us-west-2.amazonaws.com/s.cdpn.io/195612/chat_avatar_08.jpg"
  },
  {
   "name":"Dean Henry",
   "status":"offline since Oct 28",
   "imageURL":"https://s3-us-west-2.amazonaws.com/s.cdpn.io/195612/chat_avatar_09.jpg"
  },
  {
   "name":"Peyton Mckinney",
   "status":"online",
   "imageURL":"https://s3-us-west-2.amazonaws.com/s.cdpn.io/195612/chat_avatar_10.jpg"
  }
 ]
